TEST_NAME,RPS,REQUEST_P50,REQUEST_P99,RSS_KB,CPU_TIME,THREADS_IN_APP
go-api,84086.26772580984,0.003996832,0.015011697,24576,00:00:27,11
rust-api,115296.83823676425,0.003247055,0.007741069,13668,00:00:17,5
