TEST_NAME,NUM_CONNECTIONS,RPS,REQUEST_P50,REQUEST_P99,REQUEST_P999,RSS_KB,CPU_TIME,THREADS_IN_APP
go-api,200,82828.54408668679,0.001878533,0.007742173,0.011004424,17432,00:00:28,11
go-api,400,86748.81116241006,0.003861723,0.014242646,0.020291746,24180,00:00:27,11
go-api,800,86677.83980529268,0.008234216,0.025536433,0.038754276,36820,00:00:27,11
rust-api,200,111529.52085408842,0.001656999,0.004558294,0.006249948,9200,00:00:17,5
rust-api,400,115700.6876622899,0.003264675,0.007286014,0.009815965,13888,00:00:17,5
rust-api,800,112255.58756652192,0.00694616,0.012395209,0.021915447,23356,00:00:17,5
kotlin-api,200,50770.4609933489,0.003286586,0.014372899,0.03273979,355044,00:01:00,151
kotlin-api,400,51226.290563455455,0.006601321,0.02676625,0.075009332,410792,00:01:00,155
kotlin-api,800,50879.58318906991,0.013157484,0.050718727,0.135911342,409968,00:00:58,155
