TEST_NAME,RPS,REQUEST_P50,REQUEST_P99,RSS_KB,CPU_TIME,THREADS_IN_APP
go-api,81085.04635446946,0.004695245,0.010420915,18328,00:00:35,10
rust-api,83255.12762312424,0.001861613,0.042482244,5976,00:00:18,5
