TEST_NAME,NUM_CONNECTIONS,REQUESTS_PER_SECOND,P50_SECONDS,P99_SECONDS,P999_SECONDS,API_RSS_KB,API_CPU_TIME,API_THREADS
go-api,200,83030.6135260779,0.001874995,0.007785382,0.010714263,17436,00:00:27,12
go-api,400,87754.6886395734,0.003827485,0.014024311,0.019917454,24340,00:00:26,11
go-api,800,87593.85483210946,0.008093305,0.026541149,0.040334154,37668,00:00:27,12
rust-api,200,110120.61728054966,0.001675602,0.004630247,0.006388675,9412,00:00:17,5
rust-api,400,114518.38830475874,0.003281758,0.007568628,0.009935961,13724,00:00:17,5
rust-api,800,109807.4611525282,0.007080888,0.012422788,0.019475365,23408,00:00:18,5
kotlin-api,200,51076.58834531041,0.003268259,0.014156435,0.032722517,415488,00:00:59,155
kotlin-api,400,50767.69219483158,0.006681649,0.026144162,0.068013406,484368,00:01:00,155
kotlin-api,800,51663.61265327152,0.012982334,0.055301197,0.141386523,502092,00:00:59,155
