TEST_NAME,RPS,REQUEST_P50,REQUEST_P99,REQUEST_P999,RSS_KB,CPU_TIME,THREADS_IN_APP
kotlin-api,47955.48850231362,0.014099133,0.05554749,0.142808632,490700,00:01:02,155
