TEST_NAME,RPS,REQUEST_P50,REQUEST_P99,REQUEST_P999,RSS_KB,CPU_TIME,THREADS_IN_APP
go-api,84690.51996490215,0.008309898,0.02813375,0.043112397,37200,00:00:27,12
rust-api,112925.97069800305,0.006913118,0.012509116,0.020394561,23636,00:00:17,5
kotlin-api,50271.49548561648,0.013387898,0.052085126,0.138448374,503756,00:01:00,155
